dataset,source_table,experiment_group,model_or_config,aggregation,seed_or_run,class_name,precision_pct,precision_sd_pct,recall_pct,recall_sd_pct,f1_score_pct,f1_score_sd_pct,map50_pct,map50_sd_pct,map75_pct,map75_sd_pct,map50_95_pct,map50_95_sd_pct,notes
PVEL-AD,Table 7 / Table 9 / Table 10 support,Sequential component ablation,Baseline,mean_sd_over_3_runs,,black_core,92.66,1.91,79.28,1.12,85.43,0.32,83.16,0.63,68.94,1.12,69.59,0.6,Class-wise Mean ± sample SD from the supplied ablation statistics.
PVEL-AD,Table 7 / Table 9 / Table 10 support,Sequential component ablation,Baseline,mean_sd_over_3_runs,,crack,57.53,3.05,41.62,1.36,48.25,0.69,48.83,3.32,34.09,3.42,31.25,2.86,Class-wise Mean ± sample SD from the supplied ablation statistics.
PVEL-AD,Table 7 / Table 9 / Table 10 support,Sequential component ablation,Baseline,mean_sd_over_3_runs,,finger,90.97,1.56,80.67,0.5,85.51,0.78,90.27,0.75,57.51,4.06,52.71,0.59,Class-wise Mean ± sample SD from the supplied ablation statistics.
PVEL-AD,Table 7 / Table 9 / Table 10 support,Sequential component ablation,Baseline,mean_sd_over_3_runs,,horizontal_dislocation,97.83,2.85,100,0,98.89,1.47,99.5,0,78.34,3.35,68.2,0.56,Class-wise Mean ± sample SD from the supplied ablation statistics.
PVEL-AD,Table 7 / Table 9 / Table 10 support,Sequential component ablation,Baseline,mean_sd_over_3_runs,,short_circuit,90.54,2.93,97.75,1.13,93.98,1.05,96.5,2.07,96.5,2.07,76.57,1.75,Class-wise Mean ± sample SD from the supplied ablation statistics.
PVEL-AD,Table 7 / Table 9 / Table 10 support,Sequential component ablation,Baseline,mean_sd_over_3_runs,,star_crack,72.05,3.25,66.67,4.17,69.2,2.85,66,3.02,44.89,7.24,42.14,2.35,Class-wise Mean ± sample SD from the supplied ablation statistics.
PVEL-AD,Table 7 / Table 9 / Table 10 support,Sequential component ablation,Baseline,mean_sd_over_3_runs,,thick_line,82.75,3.19,45.2,0.85,58.44,0.8,68.83,3.75,35.41,4.09,36.27,2.34,Class-wise Mean ± sample SD from the supplied ablation statistics.
PVEL-AD,Table 7 / Table 9 / Table 10 support,Sequential component ablation,Baseline,mean_sd_over_3_runs,,vertical_dislocation,71.45,5.56,89.33,4.62,79.29,4.09,89.34,2.86,87.32,4.14,63.62,4.89,Class-wise Mean ± sample SD from the supplied ablation statistics.
PVEL-AD,Table 7 / Table 9 / Table 10 support,Sequential component ablation,GCS Backbone,mean_sd_over_3_runs,,black_core,90.68,1.72,81.26,3.07,85.67,1.17,84.22,3.49,71.21,4.3,70.72,3.41,Class-wise Mean ± sample SD from the supplied ablation statistics.
PVEL-AD,Table 7 / Table 9 / Table 10 support,Sequential component ablation,GCS Backbone,mean_sd_over_3_runs,,crack,61.52,4.11,45.82,1.71,52.42,0.66,49.38,1.16,35.65,0.18,31.88,0.36,Class-wise Mean ± sample SD from the supplied ablation statistics.
PVEL-AD,Table 7 / Table 9 / Table 10 support,Sequential component ablation,GCS Backbone,mean_sd_over_3_runs,,finger,90.67,0.68,82.93,0.79,86.63,0.12,89.96,0.26,56.63,1.13,53.06,0.67,Class-wise Mean ± sample SD from the supplied ablation statistics.
PVEL-AD,Table 7 / Table 9 / Table 10 support,Sequential component ablation,GCS Backbone,mean_sd_over_3_runs,,horizontal_dislocation,96.09,3.35,100,0,97.98,1.76,99.45,0.07,82.38,0.76,69.43,0.33,Class-wise Mean ± sample SD from the supplied ablation statistics.
PVEL-AD,Table 7 / Table 9 / Table 10 support,Sequential component ablation,GCS Backbone,mean_sd_over_3_runs,,short_circuit,94.17,6.74,97.75,1.13,95.84,3.49,97.5,0.97,97.49,0.97,77.59,1,Class-wise Mean ± sample SD from the supplied ablation statistics.
PVEL-AD,Table 7 / Table 9 / Table 10 support,Sequential component ablation,GCS Backbone,mean_sd_over_3_runs,,star_crack,72.17,3.72,66.67,0,69.28,1.73,67.25,1.77,53.48,3.58,44.2,2.62,Class-wise Mean ± sample SD from the supplied ablation statistics.
PVEL-AD,Table 7 / Table 9 / Table 10 support,Sequential component ablation,GCS Backbone,mean_sd_over_3_runs,,thick_line,84.34,1.8,51.81,6.4,64.01,4.75,68.87,2.41,36.97,2.03,36.91,0.48,Class-wise Mean ± sample SD from the supplied ablation statistics.
PVEL-AD,Table 7 / Table 9 / Table 10 support,Sequential component ablation,GCS Backbone,mean_sd_over_3_runs,,vertical_dislocation,77.69,11.24,89.33,4.62,82.68,6.32,90.34,3.07,88.56,2.37,66.52,0.96,Class-wise Mean ± sample SD from the supplied ablation statistics.
PVEL-AD,Table 7 / Table 9 / Table 10 support,Sequential component ablation,MSLA-AIFI,mean_sd_over_3_runs,,black_core,92.36,1.91,80.72,3.47,86.13,2.71,84.91,4.69,71.06,3.27,70.56,2.66,Class-wise Mean ± sample SD from the supplied ablation statistics.
PVEL-AD,Table 7 / Table 9 / Table 10 support,Sequential component ablation,MSLA-AIFI,mean_sd_over_3_runs,,crack,52.41,3.12,42.83,4.98,47.02,3.27,48.45,1.52,36.38,1.59,32,1.21,Class-wise Mean ± sample SD from the supplied ablation statistics.
PVEL-AD,Table 7 / Table 9 / Table 10 support,Sequential component ablation,MSLA-AIFI,mean_sd_over_3_runs,,finger,90.28,0.8,81.45,1.41,85.63,0.6,89.93,0.41,56.9,1.16,52.71,0.26,Class-wise Mean ± sample SD from the supplied ablation statistics.
PVEL-AD,Table 7 / Table 9 / Table 10 support,Sequential component ablation,MSLA-AIFI,mean_sd_over_3_runs,,horizontal_dislocation,99.17,0.34,100,0,99.58,0.17,99.5,0,82.76,1.83,69.29,0.82,Class-wise Mean ± sample SD from the supplied ablation statistics.
PVEL-AD,Table 7 / Table 9 / Table 10 support,Sequential component ablation,MSLA-AIFI,mean_sd_over_3_runs,,short_circuit,94.36,6.84,97.75,0,95.94,3.61,96.91,1.49,96.86,1.46,77.62,1.6,Class-wise Mean ± sample SD from the supplied ablation statistics.
PVEL-AD,Table 7 / Table 9 / Table 10 support,Sequential component ablation,MSLA-AIFI,mean_sd_over_3_runs,,star_crack,62.72,6.45,65.28,2.41,63.92,4.38,61.86,2.97,48.34,4.52,40.1,3.31,Class-wise Mean ± sample SD from the supplied ablation statistics.
PVEL-AD,Table 7 / Table 9 / Table 10 support,Sequential component ablation,MSLA-AIFI,mean_sd_over_3_runs,,thick_line,84.45,7.12,55.63,4.78,66.89,3.73,72.18,1.14,37.06,0.73,37.71,0.12,Class-wise Mean ± sample SD from the supplied ablation statistics.
PVEL-AD,Table 7 / Table 9 / Table 10 support,Sequential component ablation,MSLA-AIFI,mean_sd_over_3_runs,,vertical_dislocation,57.68,8.8,89.33,6.11,69.55,4.79,89.35,2.96,87.31,1.39,65.23,3.15,Class-wise Mean ± sample SD from the supplied ablation statistics.
PVEL-AD,Table 7 / Table 9 / Table 10 support,Sequential component ablation,MPMF-Net,mean_sd_over_3_runs,,black_core,86.6,3.25,80,2.16,83.17,2.65,83.83,1.74,70.19,0.13,69.71,0.26,Class-wise Mean ± sample SD from the supplied ablation statistics.
PVEL-AD,Table 7 / Table 9 / Table 10 support,Sequential component ablation,MPMF-Net,mean_sd_over_3_runs,,crack,55.67,2.41,47.91,4.05,51.48,3.37,49.01,1.46,32.91,2.95,31.14,2,Class-wise Mean ± sample SD from the supplied ablation statistics.
PVEL-AD,Table 7 / Table 9 / Table 10 support,Sequential component ablation,MPMF-Net,mean_sd_over_3_runs,,finger,88.46,1.65,82.07,1.35,85.14,0.73,89.77,0.41,58.98,0.93,52.54,0.37,Class-wise Mean ± sample SD from the supplied ablation statistics.
PVEL-AD,Table 7 / Table 9 / Table 10 support,Sequential component ablation,MPMF-Net,mean_sd_over_3_runs,,horizontal_dislocation,95.51,3.97,100,0,97.67,2.08,99.5,0.01,84.32,1.85,70.13,0.55,Class-wise Mean ± sample SD from the supplied ablation statistics.
PVEL-AD,Table 7 / Table 9 / Table 10 support,Sequential component ablation,MPMF-Net,mean_sd_over_3_runs,,short_circuit,92.97,1.72,97.75,1.13,95.3,1.06,97.8,0.8,97.66,1.03,78.31,0.86,Class-wise Mean ± sample SD from the supplied ablation statistics.
PVEL-AD,Table 7 / Table 9 / Table 10 support,Sequential component ablation,MPMF-Net,mean_sd_over_3_runs,,star_crack,72.48,6.2,69.45,6.35,70.56,0.78,67.95,2.53,53.17,2.51,44.08,1.15,Class-wise Mean ± sample SD from the supplied ablation statistics.
PVEL-AD,Table 7 / Table 9 / Table 10 support,Sequential component ablation,MPMF-Net,mean_sd_over_3_runs,,thick_line,83,2.45,56.23,1.99,67,0.69,72.51,1.21,36.74,2.4,37.57,0.65,Class-wise Mean ± sample SD from the supplied ablation statistics.
PVEL-AD,Table 7 / Table 9 / Table 10 support,Sequential component ablation,MPMF-Net,mean_sd_over_3_runs,,vertical_dislocation,64.39,11.38,90.67,2.31,74.9,7.94,86.78,5.8,85.68,4.64,61.17,3.11,Class-wise Mean ± sample SD from the supplied ablation statistics.
PVEL-AD,Table 7 / Table 9 / Table 10 support,Sequential component ablation,Inner-MPDIoU,mean_sd_over_3_runs,,black_core,92.31,1.3,82.52,2.18,87.12,0.72,85.95,2.77,71.85,2.51,71.5,1.76,Class-wise Mean ± sample SD from the supplied ablation statistics.
PVEL-AD,Table 7 / Table 9 / Table 10 support,Sequential component ablation,Inner-MPDIoU,mean_sd_over_3_runs,,crack,58.08,4.04,43.34,6.43,49.26,2.92,49.46,0.76,35.15,1.66,31.96,1.08,Class-wise Mean ± sample SD from the supplied ablation statistics.
PVEL-AD,Table 7 / Table 9 / Table 10 support,Sequential component ablation,Inner-MPDIoU,mean_sd_over_3_runs,,finger,90.42,1.03,81.23,1.96,85.56,0.61,90.04,0.65,58.36,2.12,53.29,0.57,Class-wise Mean ± sample SD from the supplied ablation statistics.
PVEL-AD,Table 7 / Table 9 / Table 10 support,Sequential component ablation,Inner-MPDIoU,mean_sd_over_3_runs,,horizontal_dislocation,95.29,5.16,100,0,97.54,2.73,99.5,0.01,84.19,7.03,69.79,1.6,Class-wise Mean ± sample SD from the supplied ablation statistics.
PVEL-AD,Table 7 / Table 9 / Table 10 support,Sequential component ablation,Inner-MPDIoU,mean_sd_over_3_runs,,short_circuit,96.22,5.33,97.75,1.13,96.91,2.31,97.46,0.9,97.45,0.91,78.15,1.21,Class-wise Mean ± sample SD from the supplied ablation statistics.
PVEL-AD,Table 7 / Table 9 / Table 10 support,Sequential component ablation,Inner-MPDIoU,mean_sd_over_3_runs,,star_crack,70.67,11.48,65.28,4.81,67.51,5.74,65.4,0.93,45.76,7.7,40.12,2.52,Class-wise Mean ± sample SD from the supplied ablation statistics.
PVEL-AD,Table 7 / Table 9 / Table 10 support,Sequential component ablation,Inner-MPDIoU,mean_sd_over_3_runs,,thick_line,86.52,4.83,52.95,5.52,65.48,3.78,73.66,1.45,37.55,0.33,38.41,0.9,Class-wise Mean ± sample SD from the supplied ablation statistics.
PVEL-AD,Table 7 / Table 9 / Table 10 support,Sequential component ablation,Inner-MPDIoU,mean_sd_over_3_runs,,vertical_dislocation,77.79,13.08,93.33,2.31,84.58,8.57,92.27,3.39,90.4,1.67,66.68,1.57,Class-wise Mean ± sample SD from the supplied ablation statistics.
PVEL-AD,Table 7 / Table 9 / Table 10 support,Sequential component ablation,GCS + MSLA-AIFI,mean_sd_over_3_runs,,black_core,94.05,1.4,81.52,1.79,87.33,1.5,85.2,2.52,70.55,1.85,70.31,1.46,Class-wise Mean ± sample SD from the supplied ablation statistics.
PVEL-AD,Table 7 / Table 9 / Table 10 support,Sequential component ablation,GCS + MSLA-AIFI,mean_sd_over_3_runs,,crack,58.92,4.33,43.94,3.88,50.15,1.48,48.69,1.33,35.02,2.61,31.57,1.31,Class-wise Mean ± sample SD from the supplied ablation statistics.
PVEL-AD,Table 7 / Table 9 / Table 10 support,Sequential component ablation,GCS + MSLA-AIFI,mean_sd_over_3_runs,,finger,89.57,0.64,83.94,0.39,86.66,0.45,91.3,0.61,59.03,3.52,53.88,0.83,Class-wise Mean ± sample SD from the supplied ablation statistics.
PVEL-AD,Table 7 / Table 9 / Table 10 support,Sequential component ablation,GCS + MSLA-AIFI,mean_sd_over_3_runs,,horizontal_dislocation,97.55,2.1,100,0,98.75,1.09,99.5,0,81.26,5.86,69.42,1.64,Class-wise Mean ± sample SD from the supplied ablation statistics.
PVEL-AD,Table 7 / Table 9 / Table 10 support,Sequential component ablation,GCS + MSLA-AIFI,mean_sd_over_3_runs,,short_circuit,92.69,2.61,97,1.29,94.79,1.94,96.28,2.31,96.19,2.4,77.32,2.04,Class-wise Mean ± sample SD from the supplied ablation statistics.
PVEL-AD,Table 7 / Table 9 / Table 10 support,Sequential component ablation,GCS + MSLA-AIFI,mean_sd_over_3_runs,,star_crack,63.97,10.91,65.83,3,64.71,7.18,65.44,1.68,48.66,3.03,41.61,0.87,Class-wise Mean ± sample SD from the supplied ablation statistics.
PVEL-AD,Table 7 / Table 9 / Table 10 support,Sequential component ablation,GCS + MSLA-AIFI,mean_sd_over_3_runs,,thick_line,83.41,4.29,52.09,1.61,64.06,0.61,70.62,2.16,35.62,1.19,37.55,0.5,Class-wise Mean ± sample SD from the supplied ablation statistics.
PVEL-AD,Table 7 / Table 9 / Table 10 support,Sequential component ablation,GCS + MSLA-AIFI,mean_sd_over_3_runs,,vertical_dislocation,77.66,6.95,94.67,2.31,85.26,5.15,93.66,2.5,89.79,1,69.2,2.41,Class-wise Mean ± sample SD from the supplied ablation statistics.
PVEL-AD,Table 7 / Table 9 / Table 10 support,Sequential component ablation,GCS + MSLA-AIFI + MPMF-Net,mean_sd_over_3_runs,,black_core,91.63,2.34,83.6,2.44,87.4,1.19,86.71,3.25,72.51,3.4,71.76,2.46,Class-wise Mean ± sample SD from the supplied ablation statistics.
PVEL-AD,Table 7 / Table 9 / Table 10 support,Sequential component ablation,GCS + MSLA-AIFI + MPMF-Net,mean_sd_over_3_runs,,crack,59.57,9.38,42.46,4.45,49.18,3.93,50.14,3.96,37.56,3.75,32.71,2.74,Class-wise Mean ± sample SD from the supplied ablation statistics.
PVEL-AD,Table 7 / Table 9 / Table 10 support,Sequential component ablation,GCS + MSLA-AIFI + MPMF-Net,mean_sd_over_3_runs,,finger,89.66,1.68,82.74,1.86,86.05,0.85,90.43,0.24,59.6,1.07,53.2,0.71,Class-wise Mean ± sample SD from the supplied ablation statistics.
PVEL-AD,Table 7 / Table 9 / Table 10 support,Sequential component ablation,GCS + MSLA-AIFI + MPMF-Net,mean_sd_over_3_runs,,horizontal_dislocation,98.94,1.06,100,0,99.46,0.53,99.5,0.01,79.15,1.95,68.86,0.64,Class-wise Mean ± sample SD from the supplied ablation statistics.
PVEL-AD,Table 7 / Table 9 / Table 10 support,Sequential component ablation,GCS + MSLA-AIFI + MPMF-Net,mean_sd_over_3_runs,,short_circuit,95.61,4.92,97.38,0.65,96.46,2.84,96.92,1.1,96.91,1.09,77.96,1.47,Class-wise Mean ± sample SD from the supplied ablation statistics.
PVEL-AD,Table 7 / Table 9 / Table 10 support,Sequential component ablation,GCS + MSLA-AIFI + MPMF-Net,mean_sd_over_3_runs,,star_crack,72.58,8.25,68.05,4.81,70.22,6.4,66.82,4.67,50.99,6.09,42.87,2.52,Class-wise Mean ± sample SD from the supplied ablation statistics.
PVEL-AD,Table 7 / Table 9 / Table 10 support,Sequential component ablation,GCS + MSLA-AIFI + MPMF-Net,mean_sd_over_3_runs,,thick_line,86.52,2.5,57.68,3.23,69.15,1.89,74.88,1.23,38.94,1.67,39.22,0.51,Class-wise Mean ± sample SD from the supplied ablation statistics.
PVEL-AD,Table 7 / Table 9 / Table 10 support,Sequential component ablation,GCS + MSLA-AIFI + MPMF-Net,mean_sd_over_3_runs,,vertical_dislocation,68.01,7.39,94.67,2.31,79.06,5.83,93.07,2.68,86.64,3.67,68.89,3.25,Class-wise Mean ± sample SD from the supplied ablation statistics.
PVEL-AD,Table 7 / Table 9 / Table 10 support,Sequential component ablation,Full model,mean_sd_over_3_runs,,black_core,89.54,2.89,83.42,0.62,86.35,1.27,86.69,0.29,73.91,1.85,73.03,1.06,Class-wise Mean ± sample SD from the supplied ablation statistics.
PVEL-AD,Table 7 / Table 9 / Table 10 support,Sequential component ablation,Full model,mean_sd_over_3_runs,,crack,63.59,3.25,39.77,1.62,48.9,1.39,51.02,1.4,36.97,2.4,32.84,1.46,Class-wise Mean ± sample SD from the supplied ablation statistics.
PVEL-AD,Table 7 / Table 9 / Table 10 support,Sequential component ablation,Full model,mean_sd_over_3_runs,,finger,90.19,0.46,81.91,1.04,85.85,0.68,89.87,0.67,59.05,1.3,53.06,0.76,Class-wise Mean ± sample SD from the supplied ablation statistics.
PVEL-AD,Table 7 / Table 9 / Table 10 support,Sequential component ablation,Full model,mean_sd_over_3_runs,,horizontal_dislocation,97.17,1.97,100,0,98.56,1.01,99.47,0.05,84.55,3.33,69.46,0.94,Class-wise Mean ± sample SD from the supplied ablation statistics.
PVEL-AD,Table 7 / Table 9 / Table 10 support,Sequential component ablation,Full model,mean_sd_over_3_runs,,short_circuit,97.16,2.15,97,1.29,97.07,1.31,96.92,1.16,96.92,1.16,77.91,0.93,Class-wise Mean ± sample SD from the supplied ablation statistics.
PVEL-AD,Table 7 / Table 9 / Table 10 support,Sequential component ablation,Full model,mean_sd_over_3_runs,,star_crack,69.1,6.86,70.08,7.23,69.41,5.85,69.17,7.92,48.31,3.42,44.55,2.09,Class-wise Mean ± sample SD from the supplied ablation statistics.
PVEL-AD,Table 7 / Table 9 / Table 10 support,Sequential component ablation,Full model,mean_sd_over_3_runs,,thick_line,86.05,2.41,53.86,4.04,66.22,3.76,74.05,2.7,36.84,1.59,38.97,1.12,Class-wise Mean ± sample SD from the supplied ablation statistics.
PVEL-AD,Table 7 / Table 9 / Table 10 support,Sequential component ablation,Full model,mean_sd_over_3_runs,,vertical_dislocation,82.76,13.91,94.58,2.24,87.95,9.18,92.88,4.37,89.69,1.77,68.97,2.77,Class-wise Mean ± sample SD from the supplied ablation statistics.
PVEL-AD,Table 6 support,Loss-function comparison,inner-CIOU,mean_sd_over_3_runs,,black_core,89.16,1.84,83.06,2.56,85.99,1.99,85.64,1.42,71.42,3.01,70.93,1.36,
PVEL-AD,Table 6 support,Loss-function comparison,inner-CIOU,mean_sd_over_3_runs,,crack,57.9,4.25,41.62,5.41,48.18,3.04,49.36,2.6,34.05,1.5,31.92,1.8,
PVEL-AD,Table 6 support,Loss-function comparison,inner-CIOU,mean_sd_over_3_runs,,finger,89.3,1.57,82.45,2.59,85.7,0.73,89.73,0.44,58.78,2.57,52.91,0.78,
PVEL-AD,Table 6 support,Loss-function comparison,inner-CIOU,mean_sd_over_3_runs,,horizontal_dislocation,99.27,0.42,100,0,99.63,0.21,99.5,0,83.61,4.85,69.43,0.28,
PVEL-AD,Table 6 support,Loss-function comparison,inner-CIOU,mean_sd_over_3_runs,,short_circuit,96.58,3.99,96.63,1.12,96.58,2.18,95.58,1.67,95.58,1.67,77.12,1.2,
PVEL-AD,Table 6 support,Loss-function comparison,inner-CIOU,mean_sd_over_3_runs,,star_crack,67.62,2.59,66.67,4.17,67.13,3.37,64.89,3.99,48.57,7.23,42.34,3.1,
PVEL-AD,Table 6 support,Loss-function comparison,inner-CIOU,mean_sd_over_3_runs,,thick_line,86.59,0.53,57.31,6.34,68.81,4.58,74.07,1.94,35.48,1.31,38.51,0.93,
PVEL-AD,Table 6 support,Loss-function comparison,inner-CIOU,mean_sd_over_3_runs,,vertical_dislocation,66.2,18.36,94.67,2.31,76.78,12.34,84.84,12.33,81.2,13.91,61.8,9.3,
PVEL-AD,Table 6 support,Loss-function comparison,inner-CIOU,single_run,0,black_core,87.05,,81.08,,83.96,,84.31,,67.95,,69.36,,Source label Seed-1 mapped to seed order 0/42/3407.
PVEL-AD,Table 6 support,Loss-function comparison,inner-CIOU,single_run,0,crack,62.74,,37.58,,47.01,,48.37,,34.2,,31.11,,Source label Seed-1 mapped to seed order 0/42/3407.
PVEL-AD,Table 6 support,Loss-function comparison,inner-CIOU,single_run,0,finger,91.11,,79.47,,84.89,,89.24,,56.41,,52.01,,Source label Seed-1 mapped to seed order 0/42/3407.
PVEL-AD,Table 6 support,Loss-function comparison,inner-CIOU,single_run,0,horizontal_dislocation,98.79,,100,,99.39,,99.5,,80.24,,69.23,,Source label Seed-1 mapped to seed order 0/42/3407.
PVEL-AD,Table 6 support,Loss-function comparison,inner-CIOU,single_run,0,short_circuit,92.04,,96.63,,94.28,,94.65,,94.65,,76.71,,Source label Seed-1 mapped to seed order 0/42/3407.
PVEL-AD,Table 6 support,Loss-function comparison,inner-CIOU,single_run,0,star_crack,69.77,,70.83,,70.3,,68.86,,54.85,,45.74,,Source label Seed-1 mapped to seed order 0/42/3407.
PVEL-AD,Table 6 support,Loss-function comparison,inner-CIOU,single_run,0,thick_line,87.15,,50.1,,63.62,,72.32,,36.92,,37.53,,Source label Seed-1 mapped to seed order 0/42/3407.
PVEL-AD,Table 6 support,Loss-function comparison,inner-CIOU,single_run,0,vertical_dislocation,67.03,,96,,78.94,,94.13,,89.28,,66.56,,Source label Seed-1 mapped to seed order 0/42/3407.
PVEL-AD,Table 6 support,Loss-function comparison,inner-CIOU,single_run,42,black_core,90.01,,85.95,,87.93,,87.14,,73.12,,71.78,,Source label Seed-2 mapped to seed order 0/42/3407.
PVEL-AD,Table 6 support,Loss-function comparison,inner-CIOU,single_run,42,crack,54.79,,39.5,,45.9,,47.39,,32.48,,30.67,,Source label Seed-2 mapped to seed order 0/42/3407.
PVEL-AD,Table 6 support,Loss-function comparison,inner-CIOU,single_run,42,finger,88.28,,83.68,,85.92,,90.1,,58.43,,53.41,,Source label Seed-2 mapped to seed order 0/42/3407.
PVEL-AD,Table 6 support,Loss-function comparison,inner-CIOU,single_run,42,horizontal_dislocation,99.48,,100,,99.74,,99.5,,81.43,,69.3,,Source label Seed-2 mapped to seed order 0/42/3407.
PVEL-AD,Table 6 support,Loss-function comparison,inner-CIOU,single_run,42,short_circuit,99.51,,97.75,,98.62,,97.51,,97.51,,78.48,,Source label Seed-2 mapped to seed order 0/42/3407.
PVEL-AD,Table 6 support,Loss-function comparison,inner-CIOU,single_run,42,star_crack,68.35,,66.67,,67.5,,64.93,,40.67,,41.59,,Source label Seed-2 mapped to seed order 0/42/3407.
PVEL-AD,Table 6 support,Loss-function comparison,inner-CIOU,single_run,42,thick_line,86.53,,62.05,,72.27,,76.15,,35.17,,39.37,,Source label Seed-2 mapped to seed order 0/42/3407.
PVEL-AD,Table 6 support,Loss-function comparison,inner-CIOU,single_run,42,vertical_dislocation,47.44,,96,,63.5,,70.85,,65.14,,51.09,,Source label Seed-2 mapped to seed order 0/42/3407.
PVEL-AD,Table 6 support,Loss-function comparison,inner-CIOU,single_run,3407,black_core,90.42,,82.16,,86.09,,85.46,,73.19,,71.65,,Source label Seed-3 mapped to seed order 0/42/3407.
PVEL-AD,Table 6 support,Loss-function comparison,inner-CIOU,single_run,3407,crack,56.17,,47.77,,51.63,,52.31,,35.47,,33.99,,Source label Seed-3 mapped to seed order 0/42/3407.
PVEL-AD,Table 6 support,Loss-function comparison,inner-CIOU,single_run,3407,finger,88.52,,84.2,,86.3,,89.86,,61.51,,53.32,,Source label Seed-3 mapped to seed order 0/42/3407.
PVEL-AD,Table 6 support,Loss-function comparison,inner-CIOU,single_run,3407,horizontal_dislocation,99.54,,100,,99.77,,99.5,,89.17,,69.75,,Source label Seed-3 mapped to seed order 0/42/3407.
PVEL-AD,Table 6 support,Loss-function comparison,inner-CIOU,single_run,3407,short_circuit,98.19,,95.51,,96.83,,94.59,,94.59,,76.18,,Source label Seed-3 mapped to seed order 0/42/3407.
PVEL-AD,Table 6 support,Loss-function comparison,inner-CIOU,single_run,3407,star_crack,64.75,,62.5,,63.6,,60.89,,50.18,,39.68,,Source label Seed-3 mapped to seed order 0/42/3407.
PVEL-AD,Table 6 support,Loss-function comparison,inner-CIOU,single_run,3407,thick_line,86.09,,59.77,,70.55,,73.75,,34.36,,38.62,,Source label Seed-3 mapped to seed order 0/42/3407.
PVEL-AD,Table 6 support,Loss-function comparison,inner-CIOU,single_run,3407,vertical_dislocation,84.13,,92,,87.89,,89.53,,89.18,,67.76,,Source label Seed-3 mapped to seed order 0/42/3407.
PVEL-AD,Table 6 support,Loss-function comparison,inner-DIOU,mean_sd_over_3_runs,,black_core,93.55,1.29,82.44,0.81,87.64,1.02,85.74,1.79,70.55,2.52,70.75,1.78,
PVEL-AD,Table 6 support,Loss-function comparison,inner-DIOU,mean_sd_over_3_runs,,crack,61.15,4.38,40.33,6.03,48.23,3.09,48.93,0.53,34.72,2.37,31.07,1.02,
PVEL-AD,Table 6 support,Loss-function comparison,inner-DIOU,mean_sd_over_3_runs,,finger,90.1,4.01,81.61,3.66,85.55,1.98,89.94,1.14,58.88,0.97,53.4,1.15,
PVEL-AD,Table 6 support,Loss-function comparison,inner-DIOU,mean_sd_over_3_runs,,horizontal_dislocation,98.78,0.78,100,0,99.38,0.4,99.5,0,84.02,3.6,69.36,0.92,
PVEL-AD,Table 6 support,Loss-function comparison,inner-DIOU,mean_sd_over_3_runs,,short_circuit,95.01,4.43,95.51,1.13,95.23,2.55,94.22,1.38,94.21,1.37,75.89,1.06,
PVEL-AD,Table 6 support,Loss-function comparison,inner-DIOU,mean_sd_over_3_runs,,star_crack,70.79,10.15,63.89,4.82,66.66,2.73,63.91,1.5,48.72,0.55,39.86,1.69,
PVEL-AD,Table 6 support,Loss-function comparison,inner-DIOU,mean_sd_over_3_runs,,thick_line,83.89,5.64,51.73,4.63,63.9,4.23,72.13,4.5,37.16,1.11,38.9,1.57,
PVEL-AD,Table 6 support,Loss-function comparison,inner-DIOU,mean_sd_over_3_runs,,vertical_dislocation,81.76,16.44,93.33,2.31,86.62,10.5,91.96,4.82,89.61,2.66,68.97,2.5,
PVEL-AD,Table 6 support,Loss-function comparison,inner-DIOU,single_run,0,black_core,93.85,,82.46,,87.79,,87.73,,73.33,,72.59,,Source label Seed-1 mapped to seed order 0/42/3407.
PVEL-AD,Table 6 support,Loss-function comparison,inner-DIOU,single_run,0,crack,64.39,,34.38,,44.82,,49.53,,37.33,,31.74,,Source label Seed-1 mapped to seed order 0/42/3407.
PVEL-AD,Table 6 support,Loss-function comparison,inner-DIOU,single_run,0,finger,93.52,,77.59,,84.81,,89.24,,59.22,,52.72,,Source label Seed-1 mapped to seed order 0/42/3407.
PVEL-AD,Table 6 support,Loss-function comparison,inner-DIOU,single_run,0,horizontal_dislocation,98.77,,100,,99.38,,99.5,,84.33,,69.07,,Source label Seed-1 mapped to seed order 0/42/3407.
PVEL-AD,Table 6 support,Loss-function comparison,inner-DIOU,single_run,0,short_circuit,99.39,,95.51,,97.41,,95.67,,95.64,,76.76,,Source label Seed-1 mapped to seed order 0/42/3407.
PVEL-AD,Table 6 support,Loss-function comparison,inner-DIOU,single_run,0,star_crack,81,,58.33,,67.82,,62.39,,48.73,,38.69,,Source label Seed-1 mapped to seed order 0/42/3407.
PVEL-AD,Table 6 support,Loss-function comparison,inner-DIOU,single_run,0,thick_line,90.08,,51.58,,65.59,,75.73,,38.3,,40.28,,Source label Seed-1 mapped to seed order 0/42/3407.
PVEL-AD,Table 6 support,Loss-function comparison,inner-DIOU,single_run,0,vertical_dislocation,89.02,,92,,90.49,,91.81,,91.27,,67.15,,Source label Seed-1 mapped to seed order 0/42/3407.
PVEL-AD,Table 6 support,Loss-function comparison,inner-DIOU,single_run,42,black_core,94.66,,83.24,,88.58,,85.2,,69.9,,70.62,,Source label Seed-2 mapped to seed order 0/42/3407.
PVEL-AD,Table 6 support,Loss-function comparison,inner-DIOU,single_run,42,crack,62.88,,40.18,,49.03,,48.52,,32.7,,29.9,,Source label Seed-2 mapped to seed order 0/42/3407.
PVEL-AD,Table 6 support,Loss-function comparison,inner-DIOU,single_run,42,finger,91.09,,84.74,,87.8,,91.25,,59.63,,54.73,,Source label Seed-2 mapped to seed order 0/42/3407.
PVEL-AD,Table 6 support,Loss-function comparison,inner-DIOU,single_run,42,horizontal_dislocation,99.57,,100,,99.78,,99.5,,87.45,,70.39,,Source label Seed-2 mapped to seed order 0/42/3407.
PVEL-AD,Table 6 support,Loss-function comparison,inner-DIOU,single_run,42,short_circuit,95.09,,96.63,,95.85,,94.09,,94.09,,76.2,,Source label Seed-2 mapped to seed order 0/42/3407.
PVEL-AD,Table 6 support,Loss-function comparison,inner-DIOU,single_run,42,star_crack,70.67,,66.67,,68.61,,65.38,,49.26,,39.09,,Source label Seed-2 mapped to seed order 0/42/3407.
PVEL-AD,Table 6 support,Loss-function comparison,inner-DIOU,single_run,42,thick_line,79.05,,47.17,,59.09,,67.08,,37.11,,37.19,,Source label Seed-2 mapped to seed order 0/42/3407.
PVEL-AD,Table 6 support,Loss-function comparison,inner-DIOU,single_run,42,vertical_dislocation,62.94,,92,,74.74,,87.22,,86.54,,67.95,,Source label Seed-2 mapped to seed order 0/42/3407.
PVEL-AD,Table 6 support,Loss-function comparison,inner-DIOU,single_run,3407,black_core,92.14,,81.62,,86.56,,84.28,,68.41,,69.03,,Source label Seed-3 mapped to seed order 0/42/3407.
PVEL-AD,Table 6 support,Loss-function comparison,inner-DIOU,single_run,3407,crack,56.17,,46.43,,50.84,,48.73,,34.12,,31.57,,Source label Seed-3 mapped to seed order 0/42/3407.
PVEL-AD,Table 6 support,Loss-function comparison,inner-DIOU,single_run,3407,finger,85.68,,82.49,,84.05,,89.32,,57.78,,52.74,,Source label Seed-3 mapped to seed order 0/42/3407.
PVEL-AD,Table 6 support,Loss-function comparison,inner-DIOU,single_run,3407,horizontal_dislocation,98.01,,100,,98.99,,99.5,,80.28,,68.63,,Source label Seed-3 mapped to seed order 0/42/3407.
PVEL-AD,Table 6 support,Loss-function comparison,inner-DIOU,single_run,3407,short_circuit,90.54,,94.38,,92.42,,92.91,,92.9,,74.71,,Source label Seed-3 mapped to seed order 0/42/3407.
PVEL-AD,Table 6 support,Loss-function comparison,inner-DIOU,single_run,3407,star_crack,60.7,,66.67,,63.54,,63.97,,48.17,,41.79,,Source label Seed-3 mapped to seed order 0/42/3407.
PVEL-AD,Table 6 support,Loss-function comparison,inner-DIOU,single_run,3407,thick_line,82.55,,56.43,,67.03,,73.57,,36.08,,39.24,,Source label Seed-3 mapped to seed order 0/42/3407.
PVEL-AD,Table 6 support,Loss-function comparison,inner-DIOU,single_run,3407,vertical_dislocation,93.31,,96,,94.64,,96.85,,91.02,,71.82,,Source label Seed-3 mapped to seed order 0/42/3407.
PVEL-AD,Table 6 support,Loss-function comparison,inner-EIOU,mean_sd_over_3_runs,,black_core,86.81,1.54,81.8,1.9,84.23,1.73,84.23,1.3,70.99,1.45,70.35,1.25,
PVEL-AD,Table 6 support,Loss-function comparison,inner-EIOU,mean_sd_over_3_runs,,crack,58.18,3.64,45.08,3.34,50.71,2.57,51.5,3.53,36.05,2.8,32.98,2.39,
PVEL-AD,Table 6 support,Loss-function comparison,inner-EIOU,mean_sd_over_3_runs,,finger,86.02,1.11,82.96,2.83,84.43,0.98,89.61,1.16,59.32,0.95,52.8,1.03,
PVEL-AD,Table 6 support,Loss-function comparison,inner-EIOU,mean_sd_over_3_runs,,horizontal_dislocation,97.85,0.4,100,0,98.91,0.21,99.5,0,79.89,3.07,68.95,0.6,
PVEL-AD,Table 6 support,Loss-function comparison,inner-EIOU,mean_sd_over_3_runs,,short_circuit,95.11,3.5,95.88,0.65,95.47,1.54,95.08,1.27,95.08,1.27,76.83,1.76,
PVEL-AD,Table 6 support,Loss-function comparison,inner-EIOU,mean_sd_over_3_runs,,star_crack,67.51,7.39,72.48,7.37,69.47,2.53,68.16,5.83,51.07,6.58,44.35,2.61,
PVEL-AD,Table 6 support,Loss-function comparison,inner-EIOU,mean_sd_over_3_runs,,thick_line,84.68,2.92,58.67,4.71,69.17,2.38,75.35,0.55,35.28,0.28,38.68,0.41,
PVEL-AD,Table 6 support,Loss-function comparison,inner-EIOU,mean_sd_over_3_runs,,vertical_dislocation,66.51,15.74,93.33,2.31,76.95,10.53,91.75,2.59,88.53,3.08,67.49,3.47,
PVEL-AD,Table 6 support,Loss-function comparison,inner-EIOU,single_run,0,black_core,85.19,,80,,82.51,,83.45,,69.8,,69.02,,Source label Seed-1 mapped to seed order 0/42/3407.
PVEL-AD,Table 6 support,Loss-function comparison,inner-EIOU,single_run,0,crack,59.9,,41.52,,49.04,,48.01,,32.86,,30.42,,Source label Seed-1 mapped to seed order 0/42/3407.
PVEL-AD,Table 6 support,Loss-function comparison,inner-EIOU,single_run,0,finger,87.22,,79.72,,83.3,,88.46,,58.33,,51.63,,Source label Seed-1 mapped to seed order 0/42/3407.
PVEL-AD,Table 6 support,Loss-function comparison,inner-EIOU,single_run,0,horizontal_dislocation,97.84,,100,,98.91,,99.5,,82.11,,69.59,,Source label Seed-1 mapped to seed order 0/42/3407.
PVEL-AD,Table 6 support,Loss-function comparison,inner-EIOU,single_run,0,short_circuit,93.98,,95.51,,94.74,,96.07,,96.07,,78.61,,Source label Seed-1 mapped to seed order 0/42/3407.
PVEL-AD,Table 6 support,Loss-function comparison,inner-EIOU,single_run,0,star_crack,76.02,,66.07,,70.69,,63.62,,47.32,,41.97,,Source label Seed-1 mapped to seed order 0/42/3407.
PVEL-AD,Table 6 support,Loss-function comparison,inner-EIOU,single_run,0,thick_line,87.89,,53.59,,66.58,,75.82,,34.97,,38.55,,Source label Seed-1 mapped to seed order 0/42/3407.
PVEL-AD,Table 6 support,Loss-function comparison,inner-EIOU,single_run,0,vertical_dislocation,64.67,,96,,77.28,,94.46,,89.36,,69.88,,Source label Seed-1 mapped to seed order 0/42/3407.
PVEL-AD,Table 6 support,Loss-function comparison,inner-EIOU,single_run,42,black_core,86.98,,81.62,,84.22,,83.52,,70.56,,70.53,,Source label Seed-2 mapped to seed order 0/42/3407.
PVEL-AD,Table 6 support,Loss-function comparison,inner-EIOU,single_run,42,crack,60.64,,48.14,,53.67,,55.07,,38.06,,35.15,,Source label Seed-2 mapped to seed order 0/42/3407.
PVEL-AD,Table 6 support,Loss-function comparison,inner-EIOU,single_run,42,finger,85.03,,84.93,,84.98,,89.59,,60.23,,53.16,,Source label Seed-2 mapped to seed order 0/42/3407.
PVEL-AD,Table 6 support,Loss-function comparison,inner-EIOU,single_run,42,horizontal_dislocation,98.26,,100,,99.12,,99.5,,76.38,,68.4,,Source label Seed-2 mapped to seed order 0/42/3407.
PVEL-AD,Table 6 support,Loss-function comparison,inner-EIOU,single_run,42,short_circuit,92.31,,96.63,,94.42,,93.64,,93.64,,75.09,,Source label Seed-2 mapped to seed order 0/42/3407.
PVEL-AD,Table 6 support,Loss-function comparison,inner-EIOU,single_run,42,star_crack,63.72,,80.54,,71.15,,74.74,,58.67,,47.14,,Source label Seed-2 mapped to seed order 0/42/3407.
PVEL-AD,Table 6 support,Loss-function comparison,inner-EIOU,single_run,42,thick_line,83.97,,59.53,,69.67,,74.75,,35.51,,38.35,,Source label Seed-2 mapped to seed order 0/42/3407.
PVEL-AD,Table 6 support,Loss-function comparison,inner-EIOU,single_run,42,vertical_dislocation,51.78,,92,,66.26,,89.3,,85.12,,63.51,,Source label Seed-2 mapped to seed order 0/42/3407.
PVEL-AD,Table 6 support,Loss-function comparison,inner-EIOU,single_run,3407,black_core,88.26,,83.78,,85.96,,85.73,,72.61,,71.51,,Source label Seed-3 mapped to seed order 0/42/3407.
PVEL-AD,Table 6 support,Loss-function comparison,inner-EIOU,single_run,3407,crack,53.99,,45.57,,49.42,,51.41,,37.24,,33.37,,Source label Seed-3 mapped to seed order 0/42/3407.
PVEL-AD,Table 6 support,Loss-function comparison,inner-EIOU,single_run,3407,finger,85.8,,84.23,,85.01,,90.78,,59.4,,53.6,,Source label Seed-3 mapped to seed order 0/42/3407.
PVEL-AD,Table 6 support,Loss-function comparison,inner-EIOU,single_run,3407,horizontal_dislocation,97.46,,100,,98.71,,99.5,,81.17,,68.87,,Source label Seed-3 mapped to seed order 0/42/3407.
PVEL-AD,Table 6 support,Loss-function comparison,inner-EIOU,single_run,3407,short_circuit,99.03,,95.51,,97.24,,95.52,,95.52,,76.79,,Source label Seed-3 mapped to seed order 0/42/3407.
PVEL-AD,Table 6 support,Loss-function comparison,inner-EIOU,single_run,3407,star_crack,62.78,,70.83,,66.56,,66.13,,47.22,,43.93,,Source label Seed-3 mapped to seed order 0/42/3407.
PVEL-AD,Table 6 support,Loss-function comparison,inner-EIOU,single_run,3407,thick_line,82.18,,62.89,,71.25,,75.49,,35.35,,39.13,,Source label Seed-3 mapped to seed order 0/42/3407.
PVEL-AD,Table 6 support,Loss-function comparison,inner-EIOU,single_run,3407,vertical_dislocation,83.09,,92,,87.32,,91.5,,91.1,,69.08,,Source label Seed-3 mapped to seed order 0/42/3407.
PVEL-AD,Table 6 support,Loss-function comparison,inner-GIOU,mean_sd_over_3_runs,,black_core,91.76,0.23,77.85,5.69,84.16,3.24,82.01,3.3,68.83,2.38,68.81,2.23,
PVEL-AD,Table 6 support,Loss-function comparison,inner-GIOU,mean_sd_over_3_runs,,crack,58.03,1.86,41.07,2.78,48.02,1.38,47.94,1.17,34.34,1.55,31.03,1.17,
PVEL-AD,Table 6 support,Loss-function comparison,inner-GIOU,mean_sd_over_3_runs,,finger,88.07,1.76,82.48,2.29,85.18,1.85,89.47,1.48,58.1,1.31,52.67,1.41,
PVEL-AD,Table 6 support,Loss-function comparison,inner-GIOU,mean_sd_over_3_runs,,horizontal_dislocation,98.3,1.95,100,0,99.14,1,99.5,0,84.4,3.92,69.73,1.31,
PVEL-AD,Table 6 support,Loss-function comparison,inner-GIOU,mean_sd_over_3_runs,,short_circuit,91.28,4.89,96.26,0.65,93.66,2.7,90.94,4.01,90.94,4.02,73.21,2.51,
PVEL-AD,Table 6 support,Loss-function comparison,inner-GIOU,mean_sd_over_3_runs,,star_crack,62.43,2.79,68.06,2.4,65.12,2.58,65.93,4.78,49.77,7.45,43.17,3.7,
PVEL-AD,Table 6 support,Loss-function comparison,inner-GIOU,mean_sd_over_3_runs,,thick_line,84.07,3.69,58.73,4.03,69.01,1.51,73,1.26,33.87,3.55,37.66,1.47,
PVEL-AD,Table 6 support,Loss-function comparison,inner-GIOU,mean_sd_over_3_runs,,vertical_dislocation,68.65,26.35,94.67,2.31,77.69,17.99,91.61,3.67,87.78,4.34,67.01,6.06,
PVEL-AD,Table 6 support,Loss-function comparison,inner-GIOU,single_run,0,black_core,92.02,,72.43,,81.06,,79.29,,66.78,,66.42,,Source label Seed-1 mapped to seed order 0/42/3407.
PVEL-AD,Table 6 support,Loss-function comparison,inner-GIOU,single_run,0,crack,60.17,,37.95,,46.54,,46.8,,32.64,,29.91,,Source label Seed-1 mapped to seed order 0/42/3407.
PVEL-AD,Table 6 support,Loss-function comparison,inner-GIOU,single_run,0,finger,86.94,,79.85,,83.24,,87.91,,57.01,,51.16,,Source label Seed-1 mapped to seed order 0/42/3407.
PVEL-AD,Table 6 support,Loss-function comparison,inner-GIOU,single_run,0,horizontal_dislocation,99.28,,100,,99.64,,99.5,,88.79,,70.71,,Source label Seed-1 mapped to seed order 0/42/3407.
PVEL-AD,Table 6 support,Loss-function comparison,inner-GIOU,single_run,0,short_circuit,88.32,,96.63,,92.29,,88.45,,88.45,,71.42,,Source label Seed-1 mapped to seed order 0/42/3407.
PVEL-AD,Table 6 support,Loss-function comparison,inner-GIOU,single_run,0,star_crack,61.96,,66.67,,64.23,,71.29,,58.23,,47.38,,Source label Seed-1 mapped to seed order 0/42/3407.
PVEL-AD,Table 6 support,Loss-function comparison,inner-GIOU,single_run,0,thick_line,80.27,,63.07,,70.64,,73.52,,33.83,,37.26,,Source label Seed-1 mapped to seed order 0/42/3407.
PVEL-AD,Table 6 support,Loss-function comparison,inner-GIOU,single_run,0,vertical_dislocation,43.87,,96,,60.22,,88.7,,82.77,,60.02,,Source label Seed-1 mapped to seed order 0/42/3407.
PVEL-AD,Table 6 support,Loss-function comparison,inner-GIOU,single_run,42,black_core,91.67,,77.35,,83.91,,81.06,,68.26,,69.17,,Source label Seed-2 mapped to seed order 0/42/3407.
PVEL-AD,Table 6 support,Loss-function comparison,inner-GIOU,single_run,42,crack,57.17,,43.3,,49.28,,47.89,,34.69,,30.93,,Source label Seed-2 mapped to seed order 0/42/3407.
PVEL-AD,Table 6 support,Loss-function comparison,inner-GIOU,single_run,42,finger,90.1,,83.98,,86.93,,90.85,,59.56,,53.95,,Source label Seed-2 mapped to seed order 0/42/3407.
PVEL-AD,Table 6 support,Loss-function comparison,inner-GIOU,single_run,42,horizontal_dislocation,96.06,,100,,97.99,,99.5,,83.15,,70.24,,Source label Seed-2 mapped to seed order 0/42/3407.
PVEL-AD,Table 6 support,Loss-function comparison,inner-GIOU,single_run,42,short_circuit,88.6,,95.51,,91.92,,88.8,,88.79,,72.12,,Source label Seed-2 mapped to seed order 0/42/3407.
PVEL-AD,Table 6 support,Loss-function comparison,inner-GIOU,single_run,42,star_crack,59.9,,66.67,,63.1,,62.09,,46.85,,40.42,,Source label Seed-2 mapped to seed order 0/42/3407.
PVEL-AD,Table 6 support,Loss-function comparison,inner-GIOU,single_run,42,thick_line,84.31,,58,,68.72,,71.56,,30.34,,36.43,,Source label Seed-2 mapped to seed order 0/42/3407.
PVEL-AD,Table 6 support,Loss-function comparison,inner-GIOU,single_run,42,vertical_dislocation,65.76,,92,,76.69,,90.4,,90.24,,70.3,,Source label Seed-2 mapped to seed order 0/42/3407.
PVEL-AD,Table 6 support,Loss-function comparison,inner-GIOU,single_run,3407,black_core,91.6,,83.78,,87.52,,85.68,,71.44,,70.84,,Source label Seed-3 mapped to seed order 0/42/3407.
PVEL-AD,Table 6 support,Loss-function comparison,inner-GIOU,single_run,3407,crack,56.76,,41.96,,48.25,,49.13,,35.69,,32.24,,Source label Seed-3 mapped to seed order 0/42/3407.
PVEL-AD,Table 6 support,Loss-function comparison,inner-GIOU,single_run,3407,finger,87.17,,83.62,,85.36,,89.64,,57.73,,52.9,,Source label Seed-3 mapped to seed order 0/42/3407.
PVEL-AD,Table 6 support,Loss-function comparison,inner-GIOU,single_run,3407,horizontal_dislocation,99.57,,100,,99.78,,99.5,,81.25,,68.24,,Source label Seed-3 mapped to seed order 0/42/3407.
PVEL-AD,Table 6 support,Loss-function comparison,inner-GIOU,single_run,3407,short_circuit,96.92,,96.63,,96.77,,95.57,,95.57,,76.08,,Source label Seed-3 mapped to seed order 0/42/3407.
PVEL-AD,Table 6 support,Loss-function comparison,inner-GIOU,single_run,3407,star_crack,65.42,,70.83,,68.02,,64.41,,44.22,,41.7,,Source label Seed-3 mapped to seed order 0/42/3407.
PVEL-AD,Table 6 support,Loss-function comparison,inner-GIOU,single_run,3407,thick_line,87.63,,55.11,,67.67,,73.92,,37.43,,39.29,,Source label Seed-3 mapped to seed order 0/42/3407.
PVEL-AD,Table 6 support,Loss-function comparison,inner-GIOU,single_run,3407,vertical_dislocation,96.33,,96,,96.16,,95.74,,90.33,,70.71,,Source label Seed-3 mapped to seed order 0/42/3407.
PVEL-AD,Table 6 support,Loss-function comparison,MPDIOU,mean_sd_over_3_runs,,black_core,92.07,2.44,82.46,2.18,87,2.24,85.5,2.27,72.42,2.03,71.9,1.53,
PVEL-AD,Table 6 support,Loss-function comparison,MPDIOU,mean_sd_over_3_runs,,crack,63.69,1.3,41.76,1.27,50.44,0.97,49.51,2.08,35.3,1.11,31.65,0.38,
PVEL-AD,Table 6 support,Loss-function comparison,MPDIOU,mean_sd_over_3_runs,,finger,90.54,1.02,82.2,2.03,86.16,1.38,90.37,1.15,58.57,0.44,53.37,0.65,
PVEL-AD,Table 6 support,Loss-function comparison,MPDIOU,mean_sd_over_3_runs,,horizontal_dislocation,99.59,0.02,100,0,99.79,0.01,99.5,0,80.47,2.2,68.07,1.2,
PVEL-AD,Table 6 support,Loss-function comparison,MPDIOU,mean_sd_over_3_runs,,short_circuit,96.88,4.15,97,0.65,96.91,2.29,97.09,0.5,97.09,0.5,77.84,0.85,
PVEL-AD,Table 6 support,Loss-function comparison,MPDIOU,mean_sd_over_3_runs,,star_crack,70.06,3.52,69.44,2.4,69.71,2.08,66.24,2.34,48.33,2.95,43.59,2.44,
PVEL-AD,Table 6 support,Loss-function comparison,MPDIOU,mean_sd_over_3_runs,,thick_line,86.5,3.16,53.25,1.95,65.88,1.49,72.26,2.18,36.57,2.02,38.41,0.97,
PVEL-AD,Table 6 support,Loss-function comparison,MPDIOU,mean_sd_over_3_runs,,vertical_dislocation,68.14,22.76,93.33,2.31,77.62,15.35,90.2,4.91,86.93,1.11,65.68,1.6,
PVEL-AD,Table 6 support,Loss-function comparison,MPDIOU,single_run,0,black_core,92.84,,84.14,,88.28,,86.63,,71.68,,72.16,,Source label Seed-1 mapped to seed order 0/42/3407.
PVEL-AD,Table 6 support,Loss-function comparison,MPDIOU,single_run,0,crack,62.18,,41.96,,50.11,,47.11,,36.57,,31.62,,Source label Seed-1 mapped to seed order 0/42/3407.
PVEL-AD,Table 6 support,Loss-function comparison,MPDIOU,single_run,0,finger,90.05,,79.85,,84.64,,89.28,,58.17,,52.68,,Source label Seed-1 mapped to seed order 0/42/3407.
PVEL-AD,Table 6 support,Loss-function comparison,MPDIOU,single_run,0,horizontal_dislocation,99.61,,100,,99.8,,99.5,,82.47,,68.19,,Source label Seed-1 mapped to seed order 0/42/3407.
PVEL-AD,Table 6 support,Loss-function comparison,MPDIOU,single_run,0,short_circuit,99.15,,96.63,,97.87,,97.19,,97.19,,77.56,,Source label Seed-1 mapped to seed order 0/42/3407.
PVEL-AD,Table 6 support,Loss-function comparison,MPDIOU,single_run,0,star_crack,66.4,,70.83,,68.55,,68.32,,49.3,,45.49,,Source label Seed-1 mapped to seed order 0/42/3407.
PVEL-AD,Table 6 support,Loss-function comparison,MPDIOU,single_run,0,thick_line,89.12,,51.22,,65.05,,74.68,,38.79,,39.51,,Source label Seed-1 mapped to seed order 0/42/3407.
PVEL-AD,Table 6 support,Loss-function comparison,MPDIOU,single_run,0,vertical_dislocation,94.07,,96,,95.03,,95.67,,86.67,,65.71,,Source label Seed-1 mapped to seed order 0/42/3407.
PVEL-AD,Table 6 support,Loss-function comparison,MPDIOU,single_run,42,black_core,89.34,,80,,84.41,,82.89,,70.86,,70.26,,Source label Seed-2 mapped to seed order 0/42/3407.
PVEL-AD,Table 6 support,Loss-function comparison,MPDIOU,single_run,42,crack,64.46,,42.92,,51.53,,50.87,,34.78,,32.04,,Source label Seed-2 mapped to seed order 0/42/3407.
PVEL-AD,Table 6 support,Loss-function comparison,MPDIOU,single_run,42,finger,91.71,,83.37,,87.34,,91.57,,59.05,,53.97,,Source label Seed-2 mapped to seed order 0/42/3407.
PVEL-AD,Table 6 support,Loss-function comparison,MPDIOU,single_run,42,horizontal_dislocation,99.59,,100,,99.79,,99.5,,78.12,,66.81,,Source label Seed-2 mapped to seed order 0/42/3407.
PVEL-AD,Table 6 support,Loss-function comparison,MPDIOU,single_run,42,short_circuit,92.09,,96.63,,94.3,,96.54,,96.54,,77.16,,Source label Seed-2 mapped to seed order 0/42/3407.
PVEL-AD,Table 6 support,Loss-function comparison,MPDIOU,single_run,42,star_crack,70.37,,66.67,,68.47,,63.7,,45.02,,40.84,,Source label Seed-2 mapped to seed order 0/42/3407.
PVEL-AD,Table 6 support,Loss-function comparison,MPDIOU,single_run,42,thick_line,82.99,,53.41,,64.99,,70.45,,34.85,,37.66,,Source label Seed-2 mapped to seed order 0/42/3407.
PVEL-AD,Table 6 support,Loss-function comparison,MPDIOU,single_run,42,vertical_dislocation,58.86,,92,,71.79,,88.73,,88.15,,67.26,,Source label Seed-2 mapped to seed order 0/42/3407.
PVEL-AD,Table 6 support,Loss-function comparison,MPDIOU,single_run,3407,black_core,94.03,,83.24,,88.31,,86.99,,74.72,,73.29,,Source label Seed-3 mapped to seed order 0/42/3407.
PVEL-AD,Table 6 support,Loss-function comparison,MPDIOU,single_run,3407,crack,64.42,,40.41,,49.67,,50.55,,34.55,,31.29,,Source label Seed-3 mapped to seed order 0/42/3407.
PVEL-AD,Table 6 support,Loss-function comparison,MPDIOU,single_run,3407,finger,89.85,,83.37,,86.49,,90.26,,58.5,,53.46,,Source label Seed-3 mapped to seed order 0/42/3407.
PVEL-AD,Table 6 support,Loss-function comparison,MPDIOU,single_run,3407,horizontal_dislocation,99.57,,100,,99.79,,99.5,,80.83,,69.2,,Source label Seed-3 mapped to seed order 0/42/3407.
PVEL-AD,Table 6 support,Loss-function comparison,MPDIOU,single_run,3407,short_circuit,99.41,,97.75,,98.57,,97.53,,97.53,,78.79,,Source label Seed-3 mapped to seed order 0/42/3407.
PVEL-AD,Table 6 support,Loss-function comparison,MPDIOU,single_run,3407,star_crack,73.42,,70.83,,72.11,,66.69,,50.67,,44.43,,Source label Seed-3 mapped to seed order 0/42/3407.
PVEL-AD,Table 6 support,Loss-function comparison,MPDIOU,single_run,3407,thick_line,87.39,,55.11,,67.6,,71.65,,36.06,,38.07,,Source label Seed-3 mapped to seed order 0/42/3407.
PVEL-AD,Table 6 support,Loss-function comparison,MPDIOU,single_run,3407,vertical_dislocation,51.49,,92,,66.03,,86.19,,85.97,,64.07,,Source label Seed-3 mapped to seed order 0/42/3407.
PV-Multi-Defect,Table 11 support,Independent-dataset repeated experiment,RT-DETR-r18,single_run,0,broken,86.04,,34.34,,49.09,,44.78,,21.83,,23.7,,Final repeated class-level result supplied by the user.
PV-Multi-Defect,Table 11 support,Independent-dataset repeated experiment,RT-DETR-r18,single_run,0,black_border,93.2,,95.24,,94.21,,98.3,,59.87,,53.79,,Final repeated class-level result supplied by the user.
PV-Multi-Defect,Table 11 support,Independent-dataset repeated experiment,RT-DETR-r18,single_run,0,no_electricity,87.26,,90,,88.61,,93.95,,87.42,,84.93,,Final repeated class-level result supplied by the user.
PV-Multi-Defect,Table 11 support,Independent-dataset repeated experiment,RT-DETR-r18,single_run,0,hot_spot,93.74,,83.13,,88.12,,94.12,,84.68,,67.2,,Final repeated class-level result supplied by the user.
PV-Multi-Defect,Table 11 support,Independent-dataset repeated experiment,RT-DETR-r18,single_run,0,scratch,70.06,,61.27,,65.37,,67.25,,13.18,,25.6,,Final repeated class-level result supplied by the user.
PV-Multi-Defect,Table 11 support,Independent-dataset repeated experiment,RT-DETR-r18,single_run,42,broken,95.85,,33.33,,49.46,,42.99,,18.85,,23.84,,Final repeated class-level result supplied by the user.
PV-Multi-Defect,Table 11 support,Independent-dataset repeated experiment,RT-DETR-r18,single_run,42,black_border,88.5,,90.48,,89.48,,97.34,,50.66,,50.76,,Final repeated class-level result supplied by the user.
PV-Multi-Defect,Table 11 support,Independent-dataset repeated experiment,RT-DETR-r18,single_run,42,no_electricity,86.03,,85,,85.51,,89.88,,82.43,,79.65,,Final repeated class-level result supplied by the user.
PV-Multi-Defect,Table 11 support,Independent-dataset repeated experiment,RT-DETR-r18,single_run,42,hot_spot,89.62,,78.14,,83.49,,90.26,,82.44,,63.28,,Final repeated class-level result supplied by the user.
PV-Multi-Defect,Table 11 support,Independent-dataset repeated experiment,RT-DETR-r18,single_run,42,scratch,77.32,,57.63,,66.04,,70.55,,12.92,,28.11,,Final repeated class-level result supplied by the user.
PV-Multi-Defect,Table 11 support,Independent-dataset repeated experiment,RT-DETR-r18,single_run,3407,broken,63.41,,38.89,,48.21,,45.89,,25.35,,23.98,,Final repeated class-level result supplied by the user.
PV-Multi-Defect,Table 11 support,Independent-dataset repeated experiment,RT-DETR-r18,single_run,3407,black_border,87.06,,90.48,,88.73,,92.48,,55.33,,55.72,,Final repeated class-level result supplied by the user.
PV-Multi-Defect,Table 11 support,Independent-dataset repeated experiment,RT-DETR-r18,single_run,3407,no_electricity,93.87,,90,,91.89,,94.04,,90.65,,85.47,,Final repeated class-level result supplied by the user.
PV-Multi-Defect,Table 11 support,Independent-dataset repeated experiment,RT-DETR-r18,single_run,3407,hot_spot,90.48,,78.19,,83.89,,91.28,,81.78,,64.5,,Final repeated class-level result supplied by the user.
PV-Multi-Defect,Table 11 support,Independent-dataset repeated experiment,RT-DETR-r18,single_run,3407,scratch,80.64,,52.82,,63.83,,70.03,,14.86,,27.14,,Final repeated class-level result supplied by the user.
PV-Multi-Defect,Table 11 support,Independent-dataset repeated experiment,RT-DETR-GMI,single_run,0,broken,68.16,,35.82,,46.96,,57.07,,28.5,,32.21,,Final repeated class-level result supplied by the user.
PV-Multi-Defect,Table 11 support,Independent-dataset repeated experiment,RT-DETR-GMI,single_run,0,black_border,85.76,,90.48,,88.05,,93.87,,60.15,,55.44,,Final repeated class-level result supplied by the user.
PV-Multi-Defect,Table 11 support,Independent-dataset repeated experiment,RT-DETR-GMI,single_run,0,no_electricity,83.8,,90,,86.79,,91.03,,88.81,,86.54,,Final repeated class-level result supplied by the user.
PV-Multi-Defect,Table 11 support,Independent-dataset repeated experiment,RT-DETR-GMI,single_run,0,hot_spot,88.59,,76.69,,82.21,,90.37,,80.74,,63.75,,Final repeated class-level result supplied by the user.
PV-Multi-Defect,Table 11 support,Independent-dataset repeated experiment,RT-DETR-GMI,single_run,0,scratch,73.55,,68.31,,70.83,,73.45,,12.43,,28.43,,Final repeated class-level result supplied by the user.
PV-Multi-Defect,Table 11 support,Independent-dataset repeated experiment,RT-DETR-GMI,single_run,42,broken,67.05,,33.33,,44.53,,44.19,,34.91,,26,,Final repeated class-level result supplied by the user.
PV-Multi-Defect,Table 11 support,Independent-dataset repeated experiment,RT-DETR-GMI,single_run,42,black_border,70.11,,85.71,,77.13,,86.68,,59.75,,51.46,,Final repeated class-level result supplied by the user.
PV-Multi-Defect,Table 11 support,Independent-dataset repeated experiment,RT-DETR-GMI,single_run,42,no_electricity,93.76,,75.07,,83.38,,89.09,,86.52,,83.63,,Final repeated class-level result supplied by the user.
PV-Multi-Defect,Table 11 support,Independent-dataset repeated experiment,RT-DETR-GMI,single_run,42,hot_spot,83.24,,83.77,,83.5,,91.3,,82.96,,65.62,,Final repeated class-level result supplied by the user.
PV-Multi-Defect,Table 11 support,Independent-dataset repeated experiment,RT-DETR-GMI,single_run,42,scratch,68.23,,64.08,,66.09,,70.37,,14.72,,28.6,,Final repeated class-level result supplied by the user.
PV-Multi-Defect,Table 11 support,Independent-dataset repeated experiment,RT-DETR-GMI,single_run,3407,broken,87.56,,39.11,,54.07,,48.91,,27.01,,23.81,,Final repeated class-level result supplied by the user.
PV-Multi-Defect,Table 11 support,Independent-dataset repeated experiment,RT-DETR-GMI,single_run,3407,black_border,73.97,,90.48,,81.39,,91,,56.83,,54.81,,Final repeated class-level result supplied by the user.
PV-Multi-Defect,Table 11 support,Independent-dataset repeated experiment,RT-DETR-GMI,single_run,3407,no_electricity,81.64,,85,,83.29,,91.69,,89.02,,84.52,,Final repeated class-level result supplied by the user.
PV-Multi-Defect,Table 11 support,Independent-dataset repeated experiment,RT-DETR-GMI,single_run,3407,hot_spot,88.35,,90.49,,89.41,,93.37,,85.54,,67.09,,Final repeated class-level result supplied by the user.
PV-Multi-Defect,Table 11 support,Independent-dataset repeated experiment,RT-DETR-GMI,single_run,3407,scratch,74.14,,66.9,,70.33,,72.89,,14.38,,28.35,,Final repeated class-level result supplied by the user.
PV-Multi-Defect,Table 11 support,Independent-dataset repeated experiment,RT-DETR-r18,mean_sd_over_3_runs,,broken,81.77,16.64,35.52,2.96,48.92,0.64,44.55,1.46,22.01,3.25,23.84,0.14,Mean ± sample SD calculated from the three final repeated runs.
PV-Multi-Defect,Table 11 support,Independent-dataset repeated experiment,RT-DETR-r18,mean_sd_over_3_runs,,black_border,89.59,3.21,92.07,2.75,90.81,2.97,96.04,3.12,55.29,4.61,53.42,2.5,Mean ± sample SD calculated from the three final repeated runs.
PV-Multi-Defect,Table 11 support,Independent-dataset repeated experiment,RT-DETR-r18,mean_sd_over_3_runs,,no_electricity,89.05,4.22,88.33,2.89,88.67,3.19,92.62,2.38,86.83,4.14,83.35,3.22,Mean ± sample SD calculated from the three final repeated runs.
PV-Multi-Defect,Table 11 support,Independent-dataset repeated experiment,RT-DETR-r18,mean_sd_over_3_runs,,hot_spot,91.28,2.17,79.82,2.87,85.17,2.57,91.89,2,82.97,1.52,64.99,2.01,Mean ± sample SD calculated from the three final repeated runs.
PV-Multi-Defect,Table 11 support,Independent-dataset repeated experiment,RT-DETR-r18,mean_sd_over_3_runs,,scratch,76.01,5.41,57.24,4.24,65.08,1.13,69.28,1.77,13.65,1.05,26.95,1.27,Mean ± sample SD calculated from the three final repeated runs.
PV-Multi-Defect,Table 11 support,Independent-dataset repeated experiment,RT-DETR-GMI,mean_sd_over_3_runs,,broken,74.26,11.53,36.09,2.9,48.52,4.96,50.06,6.52,30.14,4.2,27.34,4.36,Mean ± sample SD calculated from the three final repeated runs.
PV-Multi-Defect,Table 11 support,Independent-dataset repeated experiment,RT-DETR-GMI,mean_sd_over_3_runs,,black_border,76.61,8.15,88.89,2.75,82.19,5.5,90.52,3.62,58.91,1.81,53.9,2.14,Mean ± sample SD calculated from the three final repeated runs.
PV-Multi-Defect,Table 11 support,Independent-dataset repeated experiment,RT-DETR-GMI,mean_sd_over_3_runs,,no_electricity,86.4,6.46,83.36,7.6,84.49,2,90.6,1.35,88.12,1.39,84.9,1.49,Mean ± sample SD calculated from the three final repeated runs.
PV-Multi-Defect,Table 11 support,Independent-dataset repeated experiment,RT-DETR-GMI,mean_sd_over_3_runs,,hot_spot,86.73,3.02,83.65,6.9,85.04,3.84,91.68,1.54,83.08,2.4,65.49,1.67,Mean ± sample SD calculated from the three final repeated runs.
PV-Multi-Defect,Table 11 support,Independent-dataset repeated experiment,RT-DETR-GMI,mean_sd_over_3_runs,,scratch,71.97,3.26,66.43,2.15,69.08,2.6,72.24,1.64,13.84,1.24,28.46,0.13,Mean ± sample SD calculated from the three final repeated runs.
